,Date,USD (PM)
0,9/12/16,1324.6
1,9/13/16,1323.65
2,9/14/16,1321.75
3,9/15/16,1310.8
4,9/16/16,1308.35
5,9/17/16,1308.35
6,9/18/16,1308.35
7,9/19/16,1314.85
8,9/20/16,1313.8
9,9/21/16,1326.1
10,9/22/16,1339.1
11,9/23/16,1338.65
12,9/24/16,1338.65
13,9/25/16,1338.65
14,9/26/16,1340.5
15,9/27/16,1327.0
16,9/28/16,1322.5
17,9/29/16,1318.1
18,9/30/16,1322.5
19,10/1/16,1322.5
20,10/2/16,1322.5
21,10/3/16,1313.3
22,10/4/16,1283.3
23,10/5/16,1269.4
24,10/6/16,1254.5
25,10/7/16,1258.75
26,10/8/16,1258.75
27,10/9/16,1258.75
28,10/10/16,1259.5
29,10/11/16,1253.45
30,10/12/16,1256.5
31,10/13/16,1261.05
32,10/14/16,1251.75
33,10/15/16,1251.75
34,10/16/16,1251.75
35,10/17/16,1254.8
36,10/18/16,1258.2
37,10/19/16,1269.05
38,10/20/16,1271.65
39,10/21/16,1266.05
40,10/22/16,1266.05
41,10/23/16,1266.05
42,10/24/16,1265.55
43,10/25/16,1269.4
44,10/26/16,1270.5
45,10/27/16,1266.25
46,10/28/16,1273.0
47,10/29/16,1273.0
48,10/30/16,1273.0
49,10/31/16,1272.0
50,11/1/16,1288.45
51,11/2/16,1303.75
52,11/3/16,1301.0
53,11/4/16,1302.8
54,11/5/16,1302.8
55,11/6/16,1302.8
56,11/7/16,1283.05
57,11/8/16,1282.35
58,11/9/16,1281.4
59,11/10/16,1267.5
60,11/11/16,1236.45
61,11/12/16,1236.45
62,11/13/16,1236.45
63,11/14/16,1213.6
64,11/15/16,1226.95
65,11/16/16,1229.2
66,11/17/16,1226.75
67,11/18/16,1211.0
68,11/19/16,1211.0
69,11/20/16,1211.0
70,11/21/16,1214.25
71,11/22/16,1212.25
72,11/23/16,1185.35
73,11/24/16,1186.1
74,11/25/16,1187.7
75,11/26/16,1187.7
76,11/27/16,1187.7
77,11/28/16,1187.0
78,11/29/16,1186.55
79,11/30/16,1178.1
80,12/1/16,1161.85
81,12/2/16,1173.5
82,12/3/16,1173.5
83,12/4/16,1173.5
84,12/5/16,1162.2
85,12/6/16,1172.5
86,12/7/16,1177.65
87,12/8/16,1171.05
88,12/9/16,1163.6
89,12/10/16,1163.6
90,12/11/16,1163.6
91,12/12/16,1156.1
92,12/13/16,1158.55
93,12/14/16,1162.25
94,12/15/16,1126.95
95,12/16/16,1131.6
96,12/17/16,1131.6
97,12/18/16,1131.6
98,12/19/16,1136.25
99,12/20/16,1125.7
100,12/21/16,1133.65
101,12/22/16,1131.35
102,12/23/16,
103,12/24/16,
104,12/25/16,
105,12/26/16,
106,12/27/16,
107,12/28/16,1134.6
108,12/29/16,1145.9
109,12/30/16,
110,12/31/16,
111,1/1/17,
112,1/2/17,
113,1/3/17,1151.0
114,1/4/17,1164.25
115,1/5/17,1176.7
116,1/6/17,1175.85
117,1/7/17,1175.85
118,1/8/17,1175.85
119,1/9/17,1178.5
120,1/10/17,1189.5
121,1/11/17,1178.55
122,1/12/17,1205.05
123,1/13/17,1190.35
124,1/14/17,1190.35
125,1/15/17,1190.35
126,1/16/17,1203.0
127,1/17/17,1216.05
128,1/18/17,1214.75
129,1/19/17,1196.05
130,1/20/17,1200.55
131,1/21/17,1200.55
132,1/22/17,1200.55
133,1/23/17,1212.85
134,1/24/17,1216.8
135,1/25/17,1195.0
136,1/26/17,1189.7
137,1/27/17,1184.85
138,1/28/17,1184.85
139,1/29/17,1184.85
140,1/30/17,1192.8
141,1/31/17,1212.8
142,2/1/17,1203.65
143,2/2/17,1221.95
144,2/3/17,1215.2
145,2/4/17,1215.2
146,2/5/17,1215.2
147,2/6/17,1226.75
148,2/7/17,1231.0
149,2/8/17,1242.1
150,2/9/17,1236.8
151,2/10/17,1228.3
152,2/11/17,1228.3
153,2/12/17,1228.3
154,2/13/17,1222.25
155,2/14/17,1230.75
156,2/15/17,1224.4
157,2/16/17,1240.55
158,2/17/17,1241.95
159,2/18/17,1241.95
160,2/19/17,1241.95
161,2/20/17,1237.3
162,2/21/17,1233.2
163,2/22/17,1236.65
164,2/23/17,1247.9
165,2/24/17,1253.65
166,2/25/17,1253.65
167,2/26/17,1253.65
168,2/27/17,1257.2
169,2/28/17,1255.6
170,3/1/17,1240.4
171,3/2/17,1238.1
172,3/3/17,1226.5
173,3/4/17,1226.5
174,3/5/17,1226.5
175,3/6/17,1230.95
176,3/7/17,1216.65
177,3/8/17,1209.2
178,3/9/17,1206.55
179,3/10/17,1202.65
180,3/11/17,1202.65
181,3/12/17,1202.65
182,3/13/17,1204.2
183,3/14/17,1204.6
184,3/15/17,1198.8
185,3/16/17,1229.35
186,3/17/17,1229.6
187,3/18/17,1229.6
188,3/19/17,1229.6
189,3/20/17,1232.4
190,3/21/17,1241.6
191,3/22/17,1249.05
192,3/23/17,1247.5
193,3/24/17,1247.5
194,3/25/17,1247.5
195,3/26/17,1247.5
196,3/27/17,1257.55
197,3/28/17,1257.25
198,3/29/17,1251.1
199,3/30/17,1248.8
200,3/31/17,1244.85
201,4/1/17,1244.85
202,4/2/17,1244.85
203,4/3/17,1247.25
204,4/4/17,1257.65
205,4/5/17,1245.8
206,4/6/17,1252.5
207,4/7/17,1266.45
208,4/8/17,1266.45
209,4/9/17,1266.45
210,4/10/17,1250.05
211,4/11/17,1252.9
212,4/12/17,1274.3
213,4/13/17,1284.15
214,4/14/17,1284.15
215,4/15/17,1284.15
216,4/16/17,1284.15
217,4/17/17,1284.15
218,4/18/17,1278.95
219,4/19/17,1279.05
220,4/20/17,1282.1
221,4/21/17,1281.85
222,4/22/17,1281.85
223,4/23/17,1281.85
224,4/24/17,1269.4
225,4/25/17,1267.8
226,4/26/17,1261.85
227,4/27/17,1262.8
228,4/28/17,1266.45
229,4/29/17,1266.45
230,4/30/17,1266.45
231,5/1/17,1266.45
232,5/2/17,1255.45
233,5/3/17,1250.3
234,5/4/17,1228.45
235,5/5/17,1228.05
236,5/6/17,1228.05
237,5/7/17,1228.05
238,5/8/17,1229.8
239,5/9/17,1220.4
240,5/10/17,1222.95
241,5/11/17,1223.15
242,5/12/17,1231.25
243,5/13/17,1231.25
244,5/14/17,1231.25
245,5/15/17,1233.3
246,5/16/17,1234.2
247,5/17/17,1257.4
248,5/18/17,1255.9
249,5/19/17,1252.0
250,5/20/17,1252.0
251,5/21/17,1252.0
252,5/22/17,1258.85
253,5/23/17,1260.2
254,5/24/17,1252.55
255,5/25/17,1256.95
256,5/26/17,1265.05
257,5/27/17,1265.05
258,5/28/17,1265.05
259,5/29/17,1265.05
260,5/30/17,1262.7
261,5/31/17,1266.2
262,6/1/17,1264.85
263,6/2/17,1274.95
264,6/3/17,1274.95
265,6/4/17,1274.95
266,6/5/17,1279.95
267,6/6/17,1293.5
268,6/7/17,1291.0
269,6/8/17,1273.1
270,6/9/17,1266.55
271,6/10/17,1266.55
272,6/11/17,1266.55
273,6/12/17,1266.4
274,6/13/17,1262.0
275,6/14/17,1275.5
276,6/15/17,1254.55
277,6/16/17,1255.4
278,6/17/17,1255.4
279,6/18/17,1255.4
280,6/19/17,1248.15
281,6/20/17,1242.2
282,6/21/17,1242.5
283,6/22/17,1250.8
284,6/23/17,1255.7
285,6/24/17,1255.7
286,6/25/17,1255.7
287,6/26/17,1245.25
288,6/27/17,1249.55
289,6/28/17,1248.0
290,6/29/17,1243.5
291,6/30/17,1242.25
292,7/1/17,1242.25
293,7/2/17,1242.25
294,7/3/17,1229.25
295,7/4/17,1223.75
296,7/5/17,1220.3
297,7/6/17,1224.9
298,7/7/17,1215.65
299,7/8/17,1215.65
300,7/9/17,1215.65
301,7/10/17,1211.9
302,7/11/17,1211.05
303,7/12/17,1218.8
304,7/13/17,1218.9
305,7/14/17,1230.3
306,7/15/17,1230.3
307,7/16/17,1230.3
308,7/17/17,1234.1
309,7/18/17,1240.75
310,7/19/17,1242.15
311,7/20/17,1238.7
312,7/21/17,1248.55
313,7/22/17,1248.55
314,7/23/17,1248.55
315,7/24/17,1255.55
316,7/25/17,1254.4
317,7/26/17,1248.1
318,7/27/17,1261.1
319,7/28/17,1264.9
320,7/29/17,1264.9
321,7/30/17,1264.9
322,7/31/17,1267.55
323,8/1/17,1270.95
324,8/2/17,1269.6
325,8/3/17,1268.1
326,8/4/17,1257.7
327,8/5/17,1257.7
328,8/6/17,1257.7
329,8/7/17,1258.0
330,8/8/17,1261.8
331,8/9/17,1271.05
332,8/10/17,1284.4
333,8/11/17,1286.1
334,8/12/17,1286.1
335,8/13/17,1286.1
336,8/14/17,1282.3
337,8/15/17,1270.3
338,8/16/17,1272.75
339,8/17/17,1285.15
340,8/18/17,1295.8
341,8/19/17,1295.8
342,8/20/17,1295.8
343,8/21/17,1292.9
344,8/22/17,1284.2
345,8/23/17,1286.65
346,8/24/17,1289.0
347,8/25/17,1285.3
348,8/26/17,1285.3
349,8/27/17,1285.3
350,8/28/17,1285.3
351,8/29/17,1318.65
352,8/30/17,1308.5
353,8/31/17,1311.75
354,9/1/17,1320.4
355,9/2/17,1320.4
356,9/3/17,1320.4
357,9/4/17,1333.1
358,9/5/17,1335.55
359,9/6/17,1337.85
360,9/7/17,1343.5
361,9/8/17,1346.25
362,9/9/17,1346.25
363,9/10/17,1346.25
364,9/11/17,1334.2
365,9/12/17,1326.5
366,9/13/17,1327.55
367,9/14/17,1324.55
368,9/15/17,1322.85
369,9/16/17,1322.85
370,9/17/17,1322.85
371,9/18/17,1312.1
372,9/19/17,1309.6
373,9/20/17,1311.3
374,9/21/17,1292.1
375,9/22/17,1294.8
376,9/23/17,1294.8
377,9/24/17,1294.8
378,9/25/17,1293.3
379,9/26/17,1300.05
380,9/27/17,1282.55
381,9/28/17,1283.35
382,9/29/17,1283.1
383,9/30/17,1283.1
384,10/1/17,1283.1
385,10/2/17,1273.7
386,10/3/17,1271.25
387,10/4/17,1274.25
388,10/5/17,1274.5
389,10/6/17,1261.8
390,10/7/17,1261.8
391,10/8/17,1261.8
392,10/9/17,1278.75
393,10/10/17,1291.4
394,10/11/17,1289.25
395,10/12/17,1290.25
396,10/13/17,1299.6
397,10/14/17,1299.6
398,10/15/17,1299.6
399,10/16/17,1303.3
400,10/17/17,1284.75
401,10/18/17,1280.2
402,10/19/17,1286.4
403,10/20/17,1281.2
404,10/21/17,1281.2
405,10/22/17,1281.2
406,10/23/17,1274.9
407,10/24/17,1276.45
408,10/25/17,1275.0
409,10/26/17,1273.75
410,10/27/17,1266.45
411,10/28/17,1266.45
412,10/29/17,1266.45
413,10/30/17,1272.0
414,10/31/17,1270.15
415,11/1/17,1277.05
416,11/2/17,1279.2
417,11/3/17,1267.2
418,11/4/17,1267.2
419,11/5/17,1267.2
420,11/6/17,1270.9
421,11/7/17,1275.6
422,11/8/17,1284.0
423,11/9/17,1284.8
424,11/10/17,1284.3
425,11/11/17,1284.3
426,11/12/17,1284.3
427,11/13/17,1277.95
428,11/14/17,1274.6
429,11/15/17,1282.2
430,11/16/17,1280.0
431,11/17/17,1284.35
432,11/18/17,1284.35
433,11/19/17,1284.35
434,11/20/17,1286.2
435,11/21/17,1283.3
436,11/22/17,1286.95
437,11/23/17,1290.35
438,11/24/17,1290.5
439,11/25/17,1290.5
440,11/26/17,1290.5
441,11/27/17,1294.9
442,11/28/17,1291.85
443,11/29/17,1283.85
444,11/30/17,1280.2
445,12/1/17,1275.5
446,12/2/17,1275.5
447,12/3/17,1275.5
448,12/4/17,1273.45
449,12/5/17,1266.3
450,12/6/17,1263.7
451,12/7/17,1255.0
452,12/8/17,1250.65
453,12/9/17,1250.65
454,12/10/17,1250.65
455,12/11/17,1247.15
456,12/12/17,1240.9
457,12/13/17,1242.65
458,12/14/17,1251.0
459,12/15/17,1254.6
460,12/16/17,1254.6
461,12/17/17,1254.6
462,12/18/17,1260.6
463,12/19/17,1260.35
464,12/20/17,1264.55
465,12/21/17,1264.55
466,12/22/17,
467,12/23/17,
468,12/24/17,
469,12/25/17,
470,12/26/17,
471,12/27/17,1279.4
472,12/28/17,1291.0
473,12/29/17,
474,12/30/17,
475,12/31/17,
476,1/1/18,
477,1/2/18,1312.05
478,1/3/18,1314.9
479,1/4/18,1314.5
480,1/5/18,1317.15
481,1/6/18,1317.15
482,1/7/18,1317.15
483,1/8/18,1319.95
484,1/9/18,1311.0
485,1/10/18,1319.75
486,1/11/18,1323.05
487,1/12/18,1326.8
488,1/13/18,1326.8
489,1/14/18,1326.8
490,1/15/18,1339.25
491,1/16/18,1333.85
492,1/17/18,1335.65
493,1/18/18,1332.2
494,1/19/18,1334.95
495,1/20/18,1334.95
496,1/21/18,1334.95
497,1/22/18,1332.6
498,1/23/18,1333.4
499,1/24/18,1353.7
500,1/25/18,1354.95
501,1/26/18,1353.15
502,1/27/18,1353.15
503,1/28/18,1353.15
504,1/29/18,1343.85
505,1/30/18,1344.9
506,1/31/18,1345.05
507,2/1/18,1341.35
508,2/2/18,1331.15
509,2/3/18,1331.15
510,2/4/18,1331.15
511,2/5/18,1333.6
512,2/6/18,1331.4
513,2/7/18,1324.65
514,2/8/18,1315.45
515,2/9/18,1314.1
516,2/10/18,1314.1
517,2/11/18,1314.1
518,2/12/18,1322.3
519,2/13/18,1325.35
520,2/14/18,1336.25
521,2/15/18,1352.45
522,2/16/18,1352.1
523,2/17/18,1352.1
524,2/18/18,1352.1
525,2/19/18,1346.6
526,2/20/18,1339.85
527,2/21/18,1330.5
528,2/22/18,1328.35
529,2/23/18,1327.95
530,2/24/18,1327.95
531,2/25/18,1327.95
532,2/26/18,1333.5
533,2/27/18,1325.75
534,2/28/18,1317.85
535,3/1/18,1307.75
536,3/2/18,1322.3
537,3/3/18,1322.3
538,3/4/18,1322.3
539,3/5/18,1320.4
540,3/6/18,1331.4
541,3/7/18,1329.4
542,3/8/18,1321.0
543,3/9/18,1320.6
544,3/10/18,1320.6
545,3/11/18,1320.6
546,3/12/18,1319.15
547,3/13/18,1322.75
548,3/14/18,1323.55
549,3/15/18,1318.75
550,3/16/18,1310.1
551,3/17/18,1310.1
552,3/18/18,1310.1
553,3/19/18,1312.4
554,3/20/18,1311.0
555,3/21/18,1321.35
556,3/22/18,1329.15
557,3/23/18,1346.6
558,3/24/18,1346.6
559,3/25/18,1346.6
560,3/26/18,1352.4
561,3/27/18,1341.45
562,3/28/18,1332.45
563,3/29/18,1323.85
564,3/30/18,1323.85
565,3/31/18,1323.85
566,4/1/18,1323.85
567,4/2/18,1323.85
568,4/3/18,1333.45
569,4/4/18,1337.3
570,4/5/18,1327.7
571,4/6/18,1331.2
572,4/7/18,1331.2
573,4/8/18,1331.2
574,4/9/18,1331.95
575,4/10/18,1338.95
576,4/11/18,1350.75
577,4/12/18,1341.35
578,4/13/18,1343.7
579,4/14/18,1343.7
580,4/15/18,1343.7
581,4/16/18,1349.35
582,4/17/18,1342.1
583,4/18/18,1351.45
584,4/19/18,1348.6
585,4/20/18,1336.75
586,4/21/18,1336.75
587,4/22/18,1336.75
588,4/23/18,1324.3
589,4/24/18,1328.85
590,4/25/18,1321.65
591,4/26/18,1320.7
592,4/27/18,1321.5
593,4/28/18,1321.5
594,4/29/18,1321.5
595,4/30/18,1313.2
596,5/1/18,1307.1
597,5/2/18,1304.2
598,5/3/18,1315.05
599,5/4/18,1309.4
600,5/5/18,1309.4
601,5/6/18,1309.4
602,5/7/18,1309.4
603,5/8/18,1306.6
604,5/9/18,1313.85
605,5/10/18,1318.8
606,5/11/18,1324.35
607,5/12/18,1324.35
608,5/13/18,1324.35
609,5/14/18,1319.85
610,5/15/18,1295.0
611,5/16/18,1291.25
612,5/17/18,1289.5
613,5/18/18,1288.3
614,5/19/18,1288.3
615,5/20/18,1288.3
616,5/21/18,1288.35
617,5/22/18,1293.05
618,5/23/18,1289.0
619,5/24/18,1304.85
620,5/25/18,1303.5
621,5/26/18,1303.5
622,5/27/18,1303.5
623,5/28/18,1303.5
624,5/29/18,1295.5
625,5/30/18,1300.7
626,5/31/18,1305.35
627,6/1/18,1294.6
628,6/2/18,1294.6
629,6/3/18,1294.6
630,6/4/18,1295.45
631,6/5/18,1292.05
632,6/6/18,1300.1
633,6/7/18,1297.25
634,6/8/18,1298.25
635,6/9/18,1298.25
636,6/10/18,1298.25
637,6/11/18,1299.6
638,6/12/18,1298.65
639,6/13/18,1296.15
640,6/14/18,1302.75
641,6/15/18,1285.25
642,6/16/18,1285.25
643,6/17/18,1285.25
644,6/18/18,1281.55
645,6/19/18,1276.15
646,6/20/18,1274.2
647,6/21/18,1266.15
648,6/22/18,1269.15
649,6/23/18,1269.15
650,6/24/18,1269.15
651,6/25/18,1268.7
652,6/26/18,1260.3
653,6/27/18,1254.6
654,6/28/18,1251.55
655,6/29/18,1250.45
656,6/30/18,1250.45
657,7/1/18,1250.45
658,7/2/18,1247.8
659,7/3/18,1251.75
660,7/4/18,1255.65
661,7/5/18,1255.5
662,7/6/18,1255.35
663,7/7/18,1255.35
664,7/8/18,1255.35
665,7/9/18,1262.05
666,7/10/18,1254.0
667,7/11/18,1251.4
668,7/12/18,1245.9
669,7/13/18,1241.7
670,7/14/18,1241.7
671,7/15/18,1241.7
672,7/16/18,1241.1
673,7/17/18,1232.8
674,7/18/18,1224.5
675,7/19/18,1217.55
676,7/20/18,1228.75
677,7/21/18,1228.75
678,7/22/18,1228.75
679,7/23/18,1224.95
680,7/24/18,1228.35
681,7/25/18,1231.5
682,7/26/18,1228.25
683,7/27/18,1223.95
684,7/28/18,1223.95
685,7/29/18,1223.95
686,7/30/18,1223.8
687,7/31/18,1220.95
688,8/1/18,1219.0
689,8/2/18,1215.45
690,8/3/18,1216.3
691,8/4/18,1216.3
692,8/5/18,1216.3
693,8/6/18,1209.65
694,8/7/18,1212.35
695,8/8/18,1209.55
696,8/9/18,1214.35
697,8/10/18,1214.4
698,8/11/18,1214.4
699,8/12/18,1214.4
700,8/13/18,1200.35
701,8/14/18,1197.0
702,8/15/18,1182.0
703,8/16/18,1180.4
704,8/17/18,1178.4
705,8/18/18,1178.4
706,8/19/18,1178.4
707,8/20/18,1184.35
708,8/21/18,1190.95
709,8/22/18,1196.65
710,8/23/18,1192.35
711,8/24/18,1197.7
712,8/25/18,1197.7
713,8/26/18,1197.7
714,8/27/18,1197.7
715,8/28/18,1212.25
716,8/29/18,1204.2
717,8/30/18,1197.3
718,8/31/18,1202.45
719,9/1/18,1202.45
720,9/2/18,1202.45
721,9/3/18,1200.05
722,9/4/18,1190.85
723,9/5/18,1196.7
724,9/6/18,1205.15
725,9/7/18,1198.9
726,9/8/18,1198.9
727,9/9/18,1198.9
728,9/10/18,1196.6
729,9/11/18,1189.85
730,9/12/18,1195.6
731,9/13/18,1209.8
732,9/14/18,1201.95
733,9/15/18,1201.95
734,9/16/18,1201.95
735,9/17/18,1201.9
736,9/18/18,1200.2
737,9/19/18,1203.3
738,9/20/18,1208.35
739,9/21/18,1198.7
740,9/22/18,1198.7
741,9/23/18,1198.7
742,9/24/18,1202.75
743,9/25/18,1201.9
744,9/26/18,1194.25
745,9/27/18,1185.4
746,9/28/18,1187.25
747,9/29/18,1187.25
748,9/30/18,1187.25
749,10/1/18,1189.35
750,10/2/18,1204.7
751,10/3/18,1201.2
752,10/4/18,1203.45
753,10/5/18,1203.8
754,10/6/18,1203.8
755,10/7/18,1203.8
756,10/8/18,1186.95
757,10/9/18,1185.55
758,10/10/18,1188.6
759,10/11/18,1205.55
760,10/12/18,1219.75
761,10/13/18,1219.75
762,10/14/18,1219.75
763,10/15/18,1229.95
764,10/16/18,1230.7
765,10/17/18,1229.05
766,10/18/18,1223.0
767,10/19/18,1227.85
768,10/20/18,1227.85
769,10/21/18,1227.85
770,10/22/18,1222.3
771,10/23/18,1235.95
772,10/24/18,1230.55
773,10/25/18,1230.8
774,10/26/18,1233.85
775,10/27/18,1233.85
776,10/28/18,1233.85
777,10/29/18,1230.8
778,10/30/18,1225.4
779,10/31/18,1214.95
780,11/1/18,1231.15
781,11/2/18,1232.1
782,11/3/18,1232.1
783,11/4/18,1232.1
784,11/5/18,1232.25
785,11/6/18,1231.6
786,11/7/18,1229.95
787,11/8/18,1224.15
788,11/9/18,1211.4
789,11/10/18,1211.4
790,11/11/18,1211.4
791,11/12/18,1205.55
792,11/13/18,1202.1
793,11/14/18,1203.25
794,11/15/18,1211.85
795,11/16/18,1222.4
796,11/17/18,1222.4
797,11/18/18,1222.4
798,11/19/18,1221.6
799,11/20/18,1223.0
800,11/21/18,1226.1
801,11/22/18,1227.05
802,11/23/18,1223.65
803,11/24/18,1223.65
804,11/25/18,1223.65
805,11/26/18,1223.4
806,11/27/18,1221.2
807,11/28/18,1213.25
808,11/29/18,1226.25
809,11/30/18,1217.55
810,12/1/18,1217.55
811,12/2/18,1217.55
812,12/3/18,1230.3
813,12/4/18,1240.3
814,12/5/18,1235.9
815,12/6/18,1242.55
816,12/7/18,1243.3
817,12/8/18,1243.3
818,12/9/18,1243.3
819,12/10/18,1245.35
820,12/11/18,1245.3
821,12/12/18,1245.75
822,12/13/18,1242.75
823,12/14/18,1235.35
824,12/15/18,1235.35
825,12/16/18,1235.35
826,12/17/18,1241.65
827,12/18/18,1246.3
828,12/19/18,1255.0
829,12/20/18,1259.75
830,12/21/18,1258.15
831,12/22/18,1258.15
832,12/23/18,1258.15
833,12/24/18,
834,12/25/18,
835,12/26/18,
836,12/27/18,1268.0
837,12/28/18,1279.0
838,12/29/18,1279.0
839,12/30/18,1279.0
840,12/31/18,
841,1/1/19,
842,1/2/19,1282.9
843,1/3/19,1290.45
844,1/4/19,1279.9
845,1/5/19,1279.9
846,1/6/19,1279.9
847,1/7/19,1292.2
848,1/8/19,1286.45
849,1/9/19,1288.6
850,1/10/19,1291.9
851,1/11/19,1288.95
852,1/12/19,1288.95
853,1/13/19,1288.95
854,1/14/19,1292.75
855,1/15/19,1294.4
856,1/16/19,1292.3
857,1/17/19,1290.7
858,1/18/19,1284.2
859,1/19/19,1284.2
860,1/20/19,1284.2
861,1/21/19,1279.55
862,1/22/19,1282.1
863,1/23/19,1279.8
864,1/24/19,1283.7
865,1/25/19,1293.9
866,1/26/19,1293.9
867,1/27/19,1293.9
868,1/28/19,1302.15
869,1/29/19,1307.55
870,1/30/19,1310.7
871,1/31/19,1323.25
872,2/1/19,1318.7
873,2/2/19,1318.7
874,2/3/19,1318.7
875,2/4/19,1312.15
876,2/5/19,1314.2
877,2/6/19,1312.4
878,2/7/19,1310.0
879,2/8/19,1314.85
880,2/9/19,1314.85
881,2/10/19,1314.85
882,2/11/19,1306.4
883,2/12/19,1310.0
884,2/13/19,1312.8
885,2/14/19,1311.45
886,2/15/19,1316.55
887,2/16/19,1316.55
888,2/17/19,1316.55
889,2/18/19,1325.5
890,2/19/19,1334.15
891,2/20/19,1343.75
892,2/21/19,1331.25
893,2/22/19,1329.05
894,2/23/19,1329.05
895,2/24/19,1329.05
896,2/25/19,1331.05
897,2/26/19,1325.05
898,2/27/19,1322.85
899,2/28/19,1319.15
900,3/1/19,1311.95
901,3/2/19,1311.95
902,3/3/19,1311.95
903,3/4/19,1285.4
904,3/5/19,1283.8
905,3/6/19,1285.85
906,3/7/19,1285.3
907,3/8/19,1296.75
908,3/9/19,1296.75
909,3/10/19,1296.75
910,3/11/19,1292.75
911,3/12/19,1297.05
912,3/13/19,1306.95
913,3/14/19,1295.55
914,3/15/19,1303.5
915,3/16/19,1303.5
916,3/17/19,1303.5
917,3/18/19,1305.6
918,3/19/19,1307.7
919,3/20/19,1303.7
920,3/21/19,1309.6
921,3/22/19,1311.3
922,3/23/19,1311.3
923,3/24/19,1311.3
924,3/25/19,1319.55
925,3/26/19,1316.3
926,3/27/19,1309.7
927,3/28/19,1295.15
928,3/29/19,1295.4
929,3/30/19,1295.4
930,3/31/19,1295.4
931,4/1/19,1293.5
932,4/2/19,1290.3
933,4/3/19,1290.45
934,4/4/19,1283.15
935,4/5/19,1288.45
936,4/6/19,1288.45
937,4/7/19,1288.45
938,4/8/19,1300.0
939,4/9/19,1303.0
940,4/10/19,1305.45
941,4/11/19,1298.8
942,4/12/19,1294.3
943,4/13/19,1294.3
944,4/14/19,1294.3
945,4/15/19,1285.65
946,4/16/19,1276.35
947,4/17/19,1275.85
948,4/18/19,1275.7
949,4/19/19,1275.7
950,4/20/19,1275.7
951,4/21/19,1275.7
952,4/22/19,1275.7
953,4/23/19,1269.5
954,4/24/19,1271.65
955,4/25/19,1280.8
956,4/26/19,1284.2
957,4/27/19,1284.2
958,4/28/19,1284.2
959,4/29/19,1279.5
960,4/30/19,1282.3
961,5/1/19,1283.8
962,5/2/19,1270.95
963,5/3/19,1278.55
964,5/4/19,1278.55
965,5/5/19,1278.55
966,5/6/19,1278.55
967,5/7/19,1281.2
968,5/8/19,1285.2
969,5/9/19,1286.1
970,5/10/19,1287.1
971,5/11/19,1287.1
972,5/12/19,1287.1
973,5/13/19,1295.6
974,5/14/19,1298.4
975,5/15/19,1299.1
976,5/16/19,1291.7
977,5/17/19,1280.8
978,5/18/19,1280.8
979,5/19/19,1280.8
980,5/20/19,1276.85
981,5/21/19,1271.15
982,5/22/19,1273.8
983,5/23/19,1283.65
984,5/24/19,1282.5
985,5/25/19,1282.5
986,5/26/19,1282.5
987,5/27/19,1282.5
988,5/28/19,1278.3
989,5/29/19,1281.65
990,5/30/19,1280.95
991,5/31/19,1295.55
992,6/1/19,1295.55
993,6/2/19,1295.55
994,6/3/19,1317.1
995,6/4/19,1324.25
996,6/5/19,1335.05
997,6/6/19,1335.5
998,6/7/19,1340.65
999,6/8/19,1340.65
1000,6/9/19,1340.65
1001,6/10/19,1328.6
1002,6/11/19,1324.3
1003,6/12/19,1332.35
1004,6/13/19,1335.9
1005,6/14/19,1351.25
1006,6/15/19,1351.25
1007,6/16/19,1351.25
1008,6/17/19,1341.3
1009,6/18/19,1341.35
1010,6/19/19,1344.05
1011,6/20/19,1379.5
1012,6/21/19,1397.15
1013,6/22/19,1397.15
1014,6/23/19,1397.15
1015,6/24/19,1405.7
1016,6/25/19,1431.4
1017,6/26/19,1403.95
1018,6/27/19,1402.5
1019,6/28/19,1409.0
1020,6/29/19,1409.0
1021,6/30/19,1409.0
1022,7/1/19,1390.1
1023,7/2/19,1391.05
1024,7/3/19,1413.5
1025,7/4/19,1414.9
1026,7/5/19,1388.65
1027,7/6/19,1388.65
1028,7/7/19,1388.65
1029,7/8/19,1400.1
1030,7/9/19,1391.55
1031,7/10/19,1408.3
1032,7/11/19,1413.75
1033,7/12/19,1407.6
1034,7/13/19,1407.6
1035,7/14/19,1407.6
1036,7/15/19,1412.4
1037,7/16/19,1409.85
1038,7/17/19,1410.35
1039,7/18/19,1417.45
1040,7/19/19,1439.7
1041,7/20/19,1439.7
1042,7/21/19,1439.7
1043,7/22/19,1427.75
1044,7/23/19,1425.55
1045,7/24/19,1426.95
1046,7/25/19,1416.1
1047,7/26/19,1420.4
1048,7/27/19,1420.4
1049,7/28/19,1420.4
1050,7/29/19,1419.05
1051,7/30/19,1425.9
1052,7/31/19,1427.55
1053,8/1/19,1406.8
1054,8/2/19,1441.75
1055,8/3/19,1441.75
1056,8/4/19,1441.75
1057,8/5/19,1465.25
1058,8/6/19,1465.25
1059,8/7/19,1506.05
1060,8/8/19,1495.75
1061,8/9/19,1497.7
1062,8/10/19,1497.7
1063,8/11/19,1497.7
1064,8/12/19,1504.7
1065,8/13/19,1498.4
1066,8/14/19,1513.25
1067,8/15/19,1515.65
1068,8/16/19,1515.25
1069,8/17/19,1515.25
1070,8/18/19,1515.25
1071,8/19/19,1496.6
1072,8/20/19,1504.55
1073,8/21/19,1503.25
1074,8/22/19,1502.05
1075,8/23/19,1503.8
1076,8/24/19,1503.8
1077,8/25/19,1503.8
1078,8/26/19,1503.8
1079,8/27/19,1532.95
1080,8/28/19,1537.15
1081,8/29/19,1540.2
1082,8/30/19,1528.4
1083,8/31/19,1528.4
1084,9/1/19,1528.4
1085,9/2/19,1525.95
1086,9/3/19,1537.85
1087,9/4/19,1546.1
1088,9/5/19,1529.1
1089,9/6/19,1523.7
1090,9/7/19,1523.7
1091,9/8/19,1523.7
1092,9/9/19,1509.2
1093,9/10/19,1498.25
1094,9/11/19,1490.65
1095,9/12/19,1515.2
1096,9/13/19,1503.1
1097,9/14/19,1503.1
1098,9/15/19,1503.1
1099,9/16/19,1497.2
1100,9/17/19,1502.1
1101,9/18/19,1503.5
1102,9/19/19,1500.7
1103,9/20/19,1501.9
1104,9/21/19,1501.9
1105,9/22/19,1501.9
1106,9/23/19,1522.1
1107,9/24/19,1520.65
1108,9/25/19,1528.75
1109,9/26/19,1506.4
1110,9/27/19,1489.9
1111,9/28/19,1489.9
1112,9/29/19,1489.9
1113,9/30/19,1485.3
1114,10/1/19,1473.45
1115,10/2/19,1492.6
1116,10/3/19,1517.1
1117,10/4/19,1499.15
1118,10/5/19,1499.15
1119,10/6/19,1499.15
1120,10/7/19,1501.25
1121,10/8/19,1505.85
1122,10/9/19,1507.25
1123,10/10/19,1494.8
1124,10/11/19,1479.15
1125,10/12/19,1479.15
1126,10/13/19,1479.15
1127,10/14/19,1490.6
1128,10/15/19,1487.8
1129,10/16/19,1485.1
1130,10/17/19,1492.65
1131,10/18/19,1490.0
1132,10/19/19,1490.0
1133,10/20/19,1490.0
1134,10/21/19,1491.65
1135,10/22/19,1485.35
1136,10/23/19,1494.45
1137,10/24/19,1496.55
1138,10/25/19,1513.45
1139,10/26/19,1513.45
1140,10/27/19,1513.45
1141,10/28/19,1492.4
1142,10/29/19,1486.75
1143,10/30/19,1492.1
1144,10/31/19,1510.95
1145,11/1/19,1508.8
1146,11/2/19,1508.8
1147,11/3/19,1508.8
1148,11/4/19,1509.45
1149,11/5/19,1488.95
1150,11/6/19,1486.05
1151,11/7/19,1484.25
1152,11/8/19,1464.15
1153,11/9/19,1464.15
1154,11/10/19,1464.15
1155,11/11/19,1458.7
1156,11/12/19,1452.05
1157,11/13/19,1462.9
1158,11/14/19,1466.65
1159,11/15/19,1466.9
1160,11/16/19,1466.9
1161,11/17/19,1466.9
1162,11/18/19,1467.65
1163,11/19/19,1468.45
1164,11/20/19,1471.7
1165,11/21/19,1467.05
1166,11/22/19,1464.45
1167,11/23/19,1464.45
1168,11/24/19,1464.45
1169,11/25/19,1458.4
1170,11/26/19,1454.65
1171,11/27/19,1454.35
1172,11/28/19,1454.65
1173,11/29/19,1460.15
1174,11/30/19,1460.15
1175,12/1/19,1460.15
1176,12/2/19,1461.15
1177,12/3/19,1477.3
1178,12/4/19,1475.1
1179,12/5/19,1475.95
1180,12/6/19,1459.65
1181,12/7/19,1459.65
1182,12/8/19,1459.65
1183,12/9/19,1461.7
1184,12/10/19,1464.95
1185,12/11/19,1466.8
1186,12/12/19,1467.8
1187,12/13/19,1466.6
1188,12/14/19,1466.6
1189,12/15/19,1466.6
1190,12/16/19,1477.9
1191,12/17/19,1475.8
1192,12/18/19,1474.05
1193,12/19/19,1476.7
1194,12/20/19,1479.0
1195,12/21/19,1479.0
1196,12/22/19,1479.0
1197,12/23/19,1482.1
1198,12/24/19,
1199,12/25/19,
1200,12/26/19,
1201,12/27/19,1511.5
1202,12/28/19,1511.5
1203,12/29/19,1511.5
1204,12/30/19,1514.75
1205,12/31/19,
1206,1/1/20,
1207,1/2/20,1527.1
1208,1/3/20,1548.75
1209,1/4/20,1548.75
1210,1/5/20,1548.75
1211,1/6/20,1573.1
1212,1/7/20,1567.85
1213,1/8/20,1571.95
1214,1/9/20,1550.75
1215,1/10/20,1553.6
1216,1/11/20,1553.6
1217,1/12/20,1553.6
1218,1/13/20,1549.9
1219,1/14/20,1545.1
1220,1/15/20,1549.0
1221,1/16/20,1554.55
1222,1/17/20,1557.6
1223,1/18/20,1557.6
1224,1/19/20,1557.6
1225,1/20/20,1560.15
1226,1/21/20,1551.3
1227,1/22/20,1556.9
1228,1/23/20,1562.9
1229,1/24/20,1564.3
1230,1/25/20,1564.3
1231,1/26/20,1564.3
1232,1/27/20,1580.1
1233,1/28/20,1574.0
1234,1/29/20,1573.45
1235,1/30/20,1578.25
1236,1/31/20,1584.2
1237,2/1/20,1584.2
1238,2/2/20,1584.2
1239,2/3/20,1574.75
1240,2/4/20,1558.35
1241,2/5/20,1553.3
1242,2/6/20,1563.3
1243,2/7/20,1572.65
1244,2/8/20,1572.65
1245,2/9/20,1572.65
1246,2/10/20,1573.2
1247,2/11/20,1570.5
1248,2/12/20,1563.7
1249,2/13/20,1575.05
1250,2/14/20,1581.4
1251,2/15/20,1581.4
1252,2/16/20,1581.4
1253,2/17/20,1580.8
1254,2/18/20,1589.85
1255,2/19/20,1604.2
1256,2/20/20,1619.0
1257,2/21/20,1643.3
1258,2/22/20,1643.3
1259,2/23/20,1643.3
1260,2/24/20,1671.65
1261,2/25/20,1650.3
1262,2/26/20,1634.9
1263,2/27/20,1652.0
1264,2/28/20,1609.85
1265,2/29/20,1609.85
1266,3/1/20,1609.85
1267,3/2/20,1599.65
1268,3/3/20,1615.5
1269,3/4/20,1641.85
1270,3/5/20,1659.6
1271,3/6/20,1683.65
1272,3/7/20,1683.65
1273,3/8/20,1683.65
1274,3/9/20,1672.5
1275,3/10/20,1655.7
1276,3/11/20,1653.75
1277,3/12/20,1570.7
1278,3/13/20,1562.8
1279,3/14/20,1562.8
1280,3/15/20,1562.8
1281,3/16/20,1487.7
1282,3/17/20,1536.2
1283,3/18/20,1498.2
1284,3/19/20,1474.25
1285,3/20/20,1494.4
1286,3/21/20,1494.4
1287,3/22/20,1494.4
1288,3/23/20,1525.4
1289,3/24/20,1605.75
1290,3/25/20,1605.45
1291,3/26/20,1634.8
1292,3/27/20,1617.3
1293,3/28/20,1617.3
1294,3/29/20,1617.3
1295,3/30/20,1618.3
1296,3/31/20,1608.95
1297,4/1/20,1576.55
1298,4/2/20,1616.8
1299,4/3/20,1613.1
1300,4/4/20,1613.1
1301,4/5/20,1613.1
1302,4/6/20,1648.3
1303,4/7/20,1649.25
1304,4/8/20,1647.8
1305,4/9/20,1680.65
1306,4/10/20,1680.65
1307,4/11/20,1680.65
1308,4/12/20,1680.65
1309,4/13/20,1680.65
1310,4/14/20,1741.9
1311,4/15/20,1718.65
1312,4/16/20,1729.5
1313,4/17/20,1692.55
1314,4/18/20,1692.55
1315,4/19/20,1692.55
1316,4/20/20,1686.2
1317,4/21/20,1682.05
1318,4/22/20,1710.55
1319,4/23/20,1736.25
1320,4/24/20,1715.9
1321,4/25/20,1715.9
1322,4/26/20,1715.9
1323,4/27/20,1714.95
1324,4/28/20,1691.55
1325,4/29/20,1703.35
1326,4/30/20,1702.75
1327,5/1/20,1686.25
1328,5/2/20,1686.25
1329,5/3/20,1686.25
1330,5/4/20,1709.1
1331,5/5/20,1699.55
1332,5/6/20,1691.5
1333,5/7/20,1704.05
1334,5/8/20,1704.05
1335,5/9/20,1704.05
1336,5/10/20,1704.05
1337,5/11/20,1702.75
1338,5/12/20,1702.4
1339,5/13/20,1708.4
1340,5/14/20,1731.6
1341,5/15/20,1735.35
1342,5/16/20,1735.35
1343,5/17/20,1735.35
1344,5/18/20,1734.7
1345,5/19/20,1737.95
1346,5/20/20,1748.3
1347,5/21/20,1724.9
1348,5/22/20,1733.55
1349,5/23/20,1733.55
1350,5/24/20,1733.55
1351,5/25/20,1733.55
1352,5/26/20,1720.25
1353,5/27/20,1694.6
1354,5/28/20,1717.35
1355,5/29/20,1728.7
1356,5/30/20,1728.7
1357,5/31/20,1728.7
1358,6/1/20,1730.6
1359,6/2/20,1742.15
1360,6/3/20,1705.35
1361,6/4/20,1700.05
1362,6/5/20,1683.45
1363,6/6/20,1683.45
1364,6/7/20,1683.45
1365,6/8/20,1690.35
1366,6/9/20,1713.5
1367,6/10/20,1722.05
1368,6/11/20,1738.25
1369,6/12/20,1733.5
1370,6/13/20,1733.5
1371,6/14/20,1733.5
1372,6/15/20,1710.45
1373,6/16/20,1719.85
1374,6/17/20,1724.35
1375,6/18/20,1719.5
1376,6/19/20,1734.75
1377,6/20/20,1734.75
1378,6/21/20,1734.75
1379,6/22/20,1761.85
1380,6/23/20,1768.9
1381,6/24/20,1766.05
1382,6/25/20,1756.55
1383,6/26/20,1747.6
1384,6/27/20,1747.6
1385,6/28/20,1747.6
1386,6/29/20,1771.6
1387,6/30/20,1768.1
1388,7/1/20,1771.05
1389,7/2/20,1777.45
1390,7/3/20,1772.9
1391,7/4/20,1772.9
1392,7/5/20,1772.9
1393,7/6/20,1787.9
1394,7/7/20,1789.55
1395,7/8/20,1811.1
1396,7/9/20,1812.1
1397,7/10/20,1803.1
1398,7/11/20,1803.1
1399,7/12/20,1803.1
1400,7/13/20,1807.5
1401,7/14/20,1801.9
1402,7/15/20,1804.6
1403,7/16/20,1807.7
1404,7/17/20,1807.35
1405,7/18/20,1807.35
1406,7/19/20,1807.35
1407,7/20/20,1815.65
1408,7/21/20,1842.55
1409,7/22/20,1852.4
1410,7/23/20,1878.3
1411,7/24/20,1902.1
1412,7/25/20,1902.1
1413,7/26/20,1902.1
1414,7/27/20,1936.65
1415,7/28/20,1940.9
1416,7/29/20,1950.9
1417,7/30/20,1957.65
1418,7/31/20,1964.9
1419,8/1/20,1964.9
1420,8/2/20,1964.9
1421,8/3/20,1958.55
1422,8/4/20,1977.9
1423,8/5/20,2048.15
1424,8/6/20,2067.15
1425,8/7/20,2031.15
1426,8/8/20,2031.15
1427,8/9/20,2031.15
1428,8/10/20,2044.5
1429,8/11/20,1939.65
1430,8/12/20,1931.9
1431,8/13/20,1944.25
1432,8/14/20,1944.75
1433,8/15/20,1944.75
1434,8/16/20,1944.75
1435,8/17/20,1972.85
1436,8/18/20,2008.75
1437,8/19/20,1981.0
1438,8/20/20,1927.15
1439,8/21/20,1924.35
1440,8/22/20,1924.35
1441,8/23/20,1924.35
1442,8/24/20,1943.95
1443,8/25/20,1911.15
1444,8/26/20,1932.95
1445,8/27/20,1923.85
1446,8/28/20,1957.35
1447,8/29/20,1957.35
1448,8/30/20,1957.35
1449,8/31/20,1957.35
1450,9/1/20,1972.35
1451,9/2/20,1947.05
1452,9/3/20,1940.45
1453,9/4/20,1926.3
1454,9/5/20,1926.3
1455,9/6/20,1926.3
1456,9/7/20,1928.45
1457,9/8/20,1910.95
1458,9/9/20,1947.2
1459,9/10/20,1966.25
1460,9/11/20,1947.4
1461,9/12/20,1947.4
1462,9/13/20,1947.4
1463,9/14/20,1958.7
1464,9/15/20,1949.35
1465,9/16/20,1961.8
1466,9/17/20,1936.25
1467,9/18/20,1950.85
1468,9/19/20,1950.85
1469,9/20/20,1950.85
1470,9/21/20,1909.35
1471,9/22/20,1906.0
1472,9/23/20,1873.4
1473,9/24/20,1861.75
1474,9/25/20,1859.7
1475,9/26/20,1859.7
1476,9/27/20,1859.7
1477,9/28/20,1864.3
1478,9/29/20,1883.95
1479,9/30/20,1886.9
1480,10/1/20,1902.0
1481,10/2/20,1903.05
1482,10/3/20,1903.05
1483,10/4/20,1903.05
1484,10/5/20,1909.6
1485,10/6/20,1913.4
1486,10/7/20,1884.5
1487,10/8/20,1887.45
1488,10/9/20,1923.25
1489,10/10/20,1923.25
1490,10/11/20,1923.25
1491,10/12/20,1925.5
1492,10/13/20,1891.3
1493,10/14/20,1910.05
1494,10/15/20,1891.9
1495,10/16/20,1905.05
1496,10/17/20,1905.05
1497,10/18/20,1905.05
1498,10/19/20,1905.6
1499,10/20/20,1898.4
1500,10/21/20,1924.15
1501,10/22/20,1900.95
1502,10/23/20,1903.65
1503,10/24/20,1903.65
1504,10/25/20,1903.65
1505,10/26/20,1898.45
1506,10/27/20,1905.7
1507,10/28/20,1869.95
1508,10/29/20,1870.3
1509,10/30/20,1881.85
1510,10/31/20,1881.85
1511,11/1/20,1881.85
1512,11/2/20,1889.9
1513,11/3/20,1908.3
1514,11/4/20,1900.15
1515,11/5/20,1938.45
1516,11/6/20,1940.8
1517,11/7/20,1940.8
1518,11/8/20,1940.8
1519,11/9/20,1867.3
1520,11/10/20,1878.7
1521,11/11/20,1860.95
1522,11/12/20,1874.85
1523,11/13/20,1890.9
1524,11/14/20,1890.9
1525,11/15/20,1890.9
1526,11/16/20,1885.6
1527,11/17/20,1889.05
1528,11/18/20,1876.1
1529,11/19/20,1857.35
1530,11/20/20,1875.7
1531,11/21/20,1875.7
1532,11/22/20,1875.7
1533,11/23/20,1840.2
1534,11/24/20,1799.6
1535,11/25/20,1810.2
1536,11/26/20,1807.4
1537,11/27/20,1779.3
1538,11/28/20,1779.3
1539,11/29/20,1779.3
1540,11/30/20,1762.55
1541,12/1/20,1810.75
1542,12/2/20,1822.6
1543,12/3/20,1832.35
1544,12/4/20,1843.0
1545,12/5/20,1843.0
1546,12/6/20,1843.0
1547,12/7/20,1859.95
1548,12/8/20,1868.15
1549,12/9/20,1841.75
1550,12/10/20,1844.35
1551,12/11/20,1842.0
1552,12/12/20,1842.0
1553,12/13/20,1842.0
1554,12/14/20,1831.15
1555,12/15/20,1850.65
1556,12/16/20,1851.95
1557,12/17/20,1890.75
1558,12/18/20,1879.75
1559,12/19/20,1879.75
1560,12/20/20,1879.75
1561,12/21/20,1880.0
1562,12/22/20,1877.1
1563,12/23/20,1875.0
1564,12/24/20,
1565,12/25/20,
1566,12/26/20,
1567,12/27/20,
1568,12/28/20,
1569,12/29/20,1874.3
1570,12/30/20,1887.6
1571,12/31/20,
1572,1/1/21,
1573,1/2/21,
1574,1/3/21,
1575,1/4/21,1943.2
1576,1/5/21,1940.35
1577,1/6/21,1931.95
1578,1/7/21,1920.1
1579,1/8/21,1862.9
1580,1/9/21,1862.9
1581,1/10/21,1862.9
1582,1/11/21,1847.25
1583,1/12/21,1841.25
1584,1/13/21,1858.85
1585,1/14/21,1841.75
1586,1/15/21,1839.0
1587,1/16/21,1839.0
1588,1/17/21,1839.0
1589,1/18/21,1833.05
1590,1/19/21,1834.7
1591,1/20/21,1856.6
1592,1/21/21,1862.1
1593,1/22/21,1852.7
1594,1/23/21,1852.7
1595,1/24/21,1852.7
1596,1/25/21,1856.85
1597,1/26/21,1856.6
1598,1/27/21,1843.0
1599,1/28/21,1853.7
1600,1/29/21,1863.8
1601,1/30/21,1863.8
1602,1/31/21,1863.8
1603,2/1/21,1862.95
1604,2/2/21,1833.1
1605,2/3/21,1835.45
1606,2/4/21,1785.9
1607,2/5/21,1802.95
1608,2/6/21,1802.95
1609,2/7/21,1802.95
1610,2/8/21,1835.25
1611,2/9/21,1839.6
1612,2/10/21,1842.65
1613,2/11/21,1840.1
1614,2/12/21,1816.35
1615,2/13/21,1816.35
1616,2/14/21,1816.35
1617,2/15/21,1817.3
1618,2/16/21,1794.25
1619,2/17/21,1780.7
1620,2/18/21,1773.15
1621,2/19/21,1786.2
1622,2/20/21,1786.2
1623,2/21/21,1786.2
1624,2/22/21,1807.45
1625,2/23/21,1799.65
1626,2/24/21,1788.0
1627,2/25/21,1779.65
1628,2/26/21,1742.85
1629,2/27/21,1742.85
1630,2/28/21,1742.85
1631,3/1/21,1734.15
1632,3/2/21,1723.85
1633,3/3/21,1711.4
1634,3/4/21,1712.1
1635,3/5/21,1696.25
1636,3/6/21,1696.25
1637,3/7/21,1696.25
1638,3/8/21,1687.05
1639,3/9/21,1716.9
1640,3/10/21,1716.2
1641,3/11/21,1724.25
1642,3/12/21,1704.8
1643,3/13/21,1704.8
1644,3/14/21,1704.8
1645,3/15/21,1723.65
1646,3/16/21,1735.0
1647,3/17/21,1729.65
1648,3/18/21,1725.9
1649,3/19/21,1735.2
1650,3/20/21,1735.2
1651,3/21/21,1735.2
1652,3/22/21,1736.15
1653,3/23/21,1726.2
1654,3/24/21,1730.5
1655,3/25/21,1737.3
1656,3/26/21,1731.8
1657,3/27/21,1731.8
1658,3/28/21,1731.8
1659,3/29/21,1705.95
1660,3/30/21,1683.95
1661,3/31/21,1691.05
1662,4/1/21,1726.05
1663,4/2/21,1726.05
1664,4/3/21,1726.05
1665,4/4/21,1726.05
1666,4/5/21,1726.05
1667,4/6/21,1744.65
1668,4/7/21,1738.05
1669,4/8/21,1755.5
1670,4/9/21,1741.2
1671,4/10/21,1741.2
1672,4/11/21,1741.2
1673,4/12/21,1732.85
1674,4/13/21,1747.95
1675,4/14/21,1735.55
1676,4/15/21,1757.2
1677,4/16/21,1774.45
1678,4/17/21,1774.45
1679,4/18/21,1774.45
1680,4/19/21,1774.5
1681,4/20/21,1777.85
1682,4/21/21,1798.2
1683,4/22/21,1787.75
1684,4/23/21,1781.8
1685,4/24/21,1781.8
1686,4/25/21,1781.8
1687,4/26/21,1773.35
1688,4/27/21,1784.15
1689,4/28/21,1772.2
1690,4/29/21,1762.65
1691,4/30/21,1767.65
1692,5/1/21,1767.65
1693,5/2/21,1767.65
1694,5/3/21,1767.65
1695,5/4/21,1797.75
1696,5/5/21,1782.25
1697,5/6/21,1813.15
1698,5/7/21,1836.55
1699,5/8/21,1836.55
1700,5/9/21,1836.55
1701,5/10/21,1840.45
1702,5/11/21,1829.1
1703,5/12/21,1830.7
1704,5/13/21,1821.8
1705,5/14/21,1838.1
1706,5/15/21,1838.1
1707,5/16/21,1838.1
1708,5/17/21,1853.7
1709,5/18/21,1866.75
1710,5/19/21,1888.45
1711,5/20/21,1878.3
1712,5/21/21,1875.9
1713,5/22/21,1875.9
1714,5/23/21,1875.9
1715,5/24/21,1880.15
1716,5/25/21,1887.0
1717,5/26/21,1899.75
1718,5/27/21,1891.45
1719,5/28/21,1899.95
1720,5/29/21,1899.95
1721,5/30/21,1899.95
1722,5/31/21,1899.95
1723,6/1/21,1899.35
1724,6/2/21,1902.75
1725,6/3/21,1866.55
1726,6/4/21,1890.6
1727,6/5/21,1890.6
1728,6/6/21,1890.6
1729,6/7/21,1888.4
1730,6/8/21,1893.15
1731,6/9/21,1894.6
1732,6/10/21,1888.65
1733,6/11/21,1881.05
1734,6/12/21,1881.05
1735,6/13/21,1881.05
1736,6/14/21,1865.6
1737,6/15/21,1865.1
1738,6/16/21,1860.75
1739,6/17/21,1778.7
1740,6/18/21,1773.1
1741,6/19/21,1773.1
1742,6/20/21,1773.1
1743,6/21/21,1775.05
1744,6/22/21,1775.05
1745,6/23/21,1791.6
1746,6/24/21,1784.85
1747,6/25/21,1786.65
1748,6/26/21,1786.65
1749,6/27/21,1786.65
1750,6/28/21,1780.3
1751,6/29/21,1755.45
1752,6/30/21,1763.15
1753,7/1/21,1781.5
1754,7/2/21,1786.15
1755,7/3/21,1786.15
1756,7/4/21,1786.15
1757,7/5/21,1791.35
1758,7/6/21,1809.85
1759,7/7/21,1804.65
1760,7/8/21,1807.7
1761,7/9/21,1806.0
1762,7/10/21,1806.0
1763,7/11/21,1806.0
1764,7/12/21,1792.4
1765,7/13/21,1813.85
1766,7/14/21,1823.2
1767,7/15/21,1823.75
1768,7/16/21,1824.3
1769,7/17/21,1824.3
1770,7/18/21,1824.3
1771,7/19/21,1814.9
1772,7/20/21,1823.05
1773,7/21/21,1802.15
1774,7/22/21,1799.45
1775,7/23/21,1799.6
1776,7/24/21,1799.6
1777,7/25/21,1799.6
1778,7/26/21,1800.2
1779,7/27/21,1800.35
1780,7/28/21,1796.6
1781,7/29/21,1829.3
1782,7/30/21,1825.75
1783,7/31/21,1825.75
1784,8/1/21,1825.75
1785,8/2/21,1811.45
1786,8/3/21,1812.65
1787,8/4/21,1829.1
1788,8/5/21,1800.75
1789,8/6/21,1762.9
1790,8/7/21,1762.9
1791,8/8/21,1762.9
1792,8/9/21,1738.85
1793,8/10/21,1723.35
1794,8/11/21,1743.6
1795,8/12/21,1747.4
1796,8/13/21,1773.85
1797,8/14/21,1773.85
1798,8/15/21,1773.85
1799,8/16/21,1786.35
1800,8/17/21,1789.45
1801,8/18/21,1783.45
1802,8/19/21,1782.05
1803,8/20/21,1779.05
1804,8/21/21,1779.05
1805,8/22/21,1779.05
1806,8/23/21,1802.0
1807,8/24/21,1808.45
1808,8/25/21,1788.7
1809,8/26/21,1786.6
1810,8/27/21,1798.5
1811,8/28/21,1798.5
1812,8/29/21,1798.5
1813,8/30/21,1798.5
1814,8/31/21,1814.85
1815,9/1/21,1811.8
1816,9/2/21,1812.55
1817,9/3/21,1823.7
1818,9/4/21,1823.7
1819,9/5/21,1823.7
1820,9/6/21,1821.6
1821,9/7/21,1802.15
1822,9/8/21,1786.0
1823,9/9/21,1788.25
1824,9/10/21,1794.6
